model_set,response,formula,link,effect,component,term,estimate_link,std.error,statistic,p.value,conf_low_link,conf_high_link,estimate_response,conf_low_response,conf_high_response
species_richness_models,basal_area,basal_area ~ log_base4_species_richness + (1 | block),log,fixed,cond,(Intercept),-0.9355164188990794,0.15193979946087072,-6.1571518602668975,7.40648221345248e-10,-1.2333129536606244,-0.6377198841375346,0.3923831791111,0.29132582819800346,0.5284960835833942
species_richness_models,basal_area,basal_area ~ log_base4_species_richness + (1 | block),log,fixed,cond,log_base4_species_richness,0.1266673722688473,0.07083524301060064,1.788197045500236,0.07374422280629293,-0.01216715286807249,0.26550189740576713,1.1350394093999407,0.9879065676438973,1.304085328598964
species_richness_models,seedling_density,seedling_density ~ log_base4_species_richness + (1 | block),log,fixed,cond,(Intercept),4.918030144033427,0.13404899053008038,36.688304213151305,1.1220904305569113e-294,4.6552989504305184,5.180761337636335,136.7330034048473,105.14064714281481,177.8181391133623
species_richness_models,seedling_density,seedling_density ~ log_base4_species_richness + (1 | block),log,fixed,cond,log_base4_species_richness,-0.07800625629404252,0.06147137045990688,-1.2689851504924572,0.20444636033381977,-0.19848792847577934,0.04247541588769431,0.92495863971221,0.8199696689643805,1.0433904052314733
liana_cut_models,basal_area,basal_area ~ 0 + liana_treatment + (1 | block),log,fixed,cond,liana_treatmentcut,-0.5857528589044688,0.1354114012894857,-4.325727769792682,1.5202908479528774e-5,-0.8511543285279614,-0.3203513892809763,0.5566865975465978,0.42692183934968136,0.7258939209108395
liana_cut_models,basal_area,basal_area ~ 0 + liana_treatment + (1 | block),log,fixed,cond,liana_treatmentnot_cut,-0.8084979712598548,0.12277066457080475,-6.585432880780529,4.535619578594192e-11,-1.0491240521766796,-0.5678718903430299,0.4455267578950292,0.3502444106109155,0.5667302203459343
liana_cut_models,seedling_density,seedling_density ~ 0 + liana_treatment + (1 | block),log,fixed,cond,liana_treatmentcut,4.987510260965508,0.09628019832669435,51.802035596583174,0,4.7988045398208135,5.176215982110203,146.57104518359418,121.36524344543606,177.01172655637333
liana_cut_models,seedling_density,seedling_density ~ 0 + liana_treatment + (1 | block),log,fixed,cond,liana_treatmentnot_cut,4.760090816084754,0.08114502987178099,58.66152028788795,0,4.601049480011637,4.9191321521578715,116.75652878834025,99.58877724826743,136.88376734176325
genera_structure_models,basal_area,basal_area ~ struc_complexity * generic_richness + (1 | block),log,fixed,cond,(Intercept),-1.1029329655621611,0.23882672688732356,-4.618130390751935,3.872129263015508e-6,-1.571024748806899,-0.6348411823174234,0.33189621460054103,0.20783209750249115,0.5300196581273884
genera_structure_models,basal_area,basal_area ~ struc_complexity * generic_richness + (1 | block),log,fixed,cond,struc_complexityhigh,0.1999099486152256,0.2521126718583332,0.7929389155320155,0.42781341282722873,-0.29422180827327216,0.6940417055037233,1.221292774102613,0.7451112012836514,2.0017898503010767
genera_structure_models,basal_area,basal_area ~ struc_complexity * generic_richness + (1 | block),log,fixed,cond,generic_richness4-genera,-0.13992168499074156,0.2707726403701374,-0.5167497159220857,0.6053308859398907,-0.670626308115027,0.3907829381335439,0.8694263218631212,0.5113881908926746,1.4781376312756456
genera_structure_models,basal_area,basal_area ~ struc_complexity * generic_richness + (1 | block),log,fixed,cond,struc_complexityhigh:generic_richness4-genera,0.3251084449366304,0.3655615143453772,0.8893399118307422,0.3738204276944684,-0.3913789573142311,1.0415958471874918,1.3841807452350543,0.6761238853928422,2.8337356169073353
genera_structure_models,seedling_density,seedling_density ~ struc_complexity * generic_richness + (1 | block),log,fixed,cond,(Intercept),4.566948975169449,0.12019440863073083,37.99635130449645,6.62970435e-316,4.331372263110127,4.802525687228772,96.25000019264972,76.04857365036298,121.81770271822653
genera_structure_models,seedling_density,seedling_density ~ struc_complexity * generic_richness + (1 | block),log,fixed,cond,struc_complexityhigh,0.3809239891600162,0.16876611417342083,2.2571118084083275,0.024001089211036,0.05014848356933671,0.7116994947506956,1.463636348953119,1.0514272044502098,2.037450955149089
genera_structure_models,seedling_density,seedling_density ~ struc_complexity * generic_richness + (1 | block),log,fixed,cond,generic_richness4-genera,0.09766866785428707,0.16962472234929393,0.5757926468593781,0.5647553442651763,-0.23478967883793533,0.4301270145465095,1.102597398617764,0.7907371408951971,1.5374527900160815
genera_structure_models,seedling_density,seedling_density ~ struc_complexity * generic_richness + (1 | block),log,fixed,cond,struc_complexityhigh:generic_richness4-genera,0.10557998130626915,0.23807553211374416,0.4434726255524097,0.6574239151935908,-0.36103948723687834,0.5721994498494166,1.1113549885919891,0.6969514772354333,1.7721605463375385
biodiversity_partition_models,net,net ~ log_base4_species_richness + (1 | block),identity,fixed,cond,(Intercept),-0.21209851123782628,0.10198305828732164,-2.0797426043085627,0.0375491480775152,-0.4119816325142257,-0.01221538996142682,-0.21209851123782628,-0.4119816325142257,-0.01221538996142682
biodiversity_partition_models,net,net ~ log_base4_species_richness + (1 | block),identity,fixed,cond,log_base4_species_richness,0.01828348559101827,0.06712459956142176,0.2723812985176639,0.7853288508985735,-0.11327831202604147,0.14984528320807802,0.01828348559101827,-0.11327831202604147,0.14984528320807802
biodiversity_partition_models,complementarity,compl ~ log_base4_species_richness + (1 | block),identity,fixed,cond,(Intercept),-0.35508364713565155,0.134037652615751,-2.649133584527763,0.008069842702333952,-0.6177926188348144,-0.09237467543648864,-0.35508364713565155,-0.6177926188348144,-0.09237467543648864
biodiversity_partition_models,complementarity,compl ~ log_base4_species_richness + (1 | block),identity,fixed,cond,log_base4_species_richness,0.15981507233653286,0.09077350491505173,1.7605916229200587,0.07830754751070922,-0.01809772804743809,0.3377278727205038,0.15981507233653286,-0.01809772804743809,0.3377278727205038
biodiversity_partition_models,complementarity_size,size_compl ~ log_base4_species_richness + (1 | block),identity,fixed,cond,(Intercept),-0.1265054766908592,0.10525225351233769,-1.2019265380957398,0.22939199145145522,-0.33279610286672046,0.07978514948500201,-0.1265054766908592,-0.33279610286672046,0.07978514948500201
biodiversity_partition_models,complementarity_size,size_compl ~ log_base4_species_richness + (1 | block),identity,fixed,cond,log_base4_species_richness,0.05554476765251187,0.0682922682036423,0.81333903695923,0.41602370140639644,-0.07830561844917691,0.18939515375420066,0.05554476765251187,-0.07830561844917691,0.18939515375420066
biodiversity_partition_models,complementarity_density,dens_compl ~ log_base4_species_richness + (1 | block),identity,fixed,cond,(Intercept),-0.1866316940505337,0.07197414247530648,-2.5930381055191445,0.009513222951882028,-0.3276984211202889,-0.0455649669807785,-0.1866316940505337,-0.3276984211202889,-0.0455649669807785
biodiversity_partition_models,complementarity_density,dens_compl ~ log_base4_species_richness + (1 | block),identity,fixed,cond,log_base4_species_richness,0.1030049360299886,0.04356080252832891,2.364624388244486,0.01804836535584234,0.01762733193680263,0.18838254012317457,0.1030049360299886,0.01762733193680263,0.18838254012317457
biodiversity_partition_models,selection,selec ~ log_base4_species_richness + (1 | block),identity,fixed,cond,(Intercept),0.09104352175891524,0.058731356711747416,1.550168885179265,0.12110098582618334,-0.02406782215928445,0.20615486567711494,0.09104352175891524,-0.02406782215928445,0.20615486567711494
biodiversity_partition_models,selection,selec ~ log_base4_species_richness + (1 | block),identity,fixed,cond,log_base4_species_richness,-0.0970829214540382,0.03733952073557187,-2.6000044869764807,0.00932225415522153,-0.1702670372957456,-0.023898805612330806,-0.0970829214540382,-0.1702670372957456,-0.023898805612330806
biodiversity_partition_models,selection_size,size_selec ~ log_base4_species_richness + (1 | block),identity,fixed,cond,(Intercept),0.0670620650661316,0.044059898442672815,1.522065811236205,0.12799259146717565,-0.01929374904399951,0.1534178791762627,0.0670620650661316,-0.01929374904399951,0.1534178791762627
biodiversity_partition_models,selection_size,size_selec ~ log_base4_species_richness + (1 | block),identity,fixed,cond,log_base4_species_richness,-0.05369284766058391,0.028102225008341194,-1.9106262100117342,0.05605263364765462,-0.10877219656237345,0.0013865012412056371,-0.05369284766058391,-0.10877219656237345,0.0013865012412056371
biodiversity_partition_models,selection_density,dens_selec ~ log_base4_species_richness + (1 | block),identity,fixed,cond,(Intercept),0.02861734719647374,0.03202854070028383,0.8934951943102465,0.3715920445301607,-0.03415743905345783,0.09139213344640532,0.02861734719647374,-0.03415743905345783,0.09139213344640532
biodiversity_partition_models,selection_density,dens_selec ~ log_base4_species_richness + (1 | block),identity,fixed,cond,log_base4_species_richness,-0.05785613799186834,0.022230271082956724,-2.602583557167006,0.00925242656740113,-0.10142666868102573,-0.014285607302710945,-0.05785613799186834,-0.10142666868102573,-0.014285607302710945
