model_set,response,formula,link,log_base4_species_richness,estimate_link,conf_low_link,conf_high_link,species_richness,estimate_response,conf_low_response,conf_high_response
species_richness_models,basal_area,basal_area ~ log_base4_species_richness + (1 | block),log,0,-0.9355164188990794,-1.2333129536606244,-0.6377198841375346,1,0.3923831791111,0.29132582819800346,0.5284960835833942
species_richness_models,basal_area,basal_area ~ log_base4_species_richness + (1 | block),log,1,-0.8088490466302322,-1.0458177601990934,-0.5718803330613709,4,0.4453703718767341,0.3514043373675265,0.5644630616444706
species_richness_models,basal_area,basal_area ~ log_base4_species_richness + (1 | block),log,2,-0.6821816743613849,-0.9315320644652829,-0.43283128425748685,16,0.5055129238592003,0.3939496914683914,0.6486699234010725
species_richness_models,seedling_density,seedling_density ~ log_base4_species_richness + (1 | block),log,0,4.918030144033427,4.6552989504305184,5.180761337636335,1,136.7330034048473,105.14064714281481,177.8181391133623
species_richness_models,seedling_density,seedling_density ~ log_base4_species_richness + (1 | block),log,1,4.840023887739385,4.641650355979876,5.038397419498893,4,126.47237283311257,103.71537370467026,154.22266264579414
species_richness_models,seedling_density,seedling_density ~ log_base4_species_richness + (1 | block),log,2,4.7620176314453415,4.565273882429298,4.958761380461385,16,116.9817139368912,96.08890747637521,142.4172857723169
biodiversity_partition_models,net,net ~ log_base4_species_richness + (1 | block),identity,1,-0.193815025646808,-0.281411037237117,-0.10621901405649896,4,-0.193815025646808,-0.281411037237117,-0.10621901405649896
biodiversity_partition_models,net,net ~ log_base4_species_richness + (1 | block),identity,2,-0.17553154005578975,-0.2755808954076743,-0.07548218470390522,16,-0.17553154005578975,-0.2755808954076743,-0.07548218470390522
biodiversity_partition_models,complementarity,compl ~ log_base4_species_richness + (1 | block),identity,1,-0.1952685747991187,-0.31267143401252784,-0.07786571558570957,4,-0.1952685747991187,-0.31267143401252784,-0.07786571558570957
biodiversity_partition_models,complementarity,compl ~ log_base4_species_richness + (1 | block),identity,2,-0.03545350246258583,-0.18329391633061082,0.11238691140543916,16,-0.03545350246258583,-0.18329391633061082,0.11238691140543916
biodiversity_partition_models,complementarity_size,size_compl ~ log_base4_species_richness + (1 | block),identity,1,-0.07096070903834734,-0.16279745667661877,0.02087603859992411,4,-0.07096070903834734,-0.16279745667661877,0.02087603859992411
biodiversity_partition_models,complementarity_size,size_compl ~ log_base4_species_richness + (1 | block),identity,2,-0.015415941385835463,-0.11613339620209114,0.08530151343042021,16,-0.015415941385835463,-0.11613339620209114,0.08530151343042021
biodiversity_partition_models,complementarity_density,dens_compl ~ log_base4_species_richness + (1 | block),identity,1,-0.0836267580205451,-0.15918687875162918,-0.008066637289461012,4,-0.0836267580205451,-0.15918687875162918,-0.008066637289461012
biodiversity_partition_models,complementarity_density,dens_compl ~ log_base4_species_richness + (1 | block),identity,2,0.019378178009443497,-0.058708394235756356,0.09746475025464335,16,0.019378178009443497,-0.058708394235756356,0.09746475025464335
biodiversity_partition_models,selection,selec ~ log_base4_species_richness + (1 | block),identity,1,-0.00603939969512296,-0.05824859068010948,0.04616979128986356,4,-0.00603939969512296,-0.05824859068010948,0.04616979128986356
biodiversity_partition_models,selection,selec ~ log_base4_species_richness + (1 | block),identity,2,-0.10312232114916116,-0.1570927516738887,-0.04915189062443361,16,-0.10312232114916116,-0.1570927516738887,-0.04915189062443361
biodiversity_partition_models,selection_size,size_selec ~ log_base4_species_richness + (1 | block),identity,1,0.013369217405547695,-0.025342415068534865,0.052080849879630256,4,0.013369217405547695,-0.025342415068534865,0.052080849879630256
biodiversity_partition_models,selection_size,size_selec ~ log_base4_species_richness + (1 | block),identity,2,-0.040323630255036214,-0.08041507195876518,-2.3218855130725108e-4,16,-0.040323630255036214,-0.08041507195876518,-2.3218855130725108e-4
biodiversity_partition_models,selection_density,dens_selec ~ log_base4_species_richness + (1 | block),identity,1,-0.029238790795394598,-0.056999452338785506,-0.001478129252003687,4,-0.029238790795394598,-0.056999452338785506,-0.001478129252003687
biodiversity_partition_models,selection_density,dens_selec ~ log_base4_species_richness + (1 | block),identity,2,-0.08709492878726294,-0.12447697205670474,-0.049712885517821125,16,-0.08709492878726294,-0.12447697205670474,-0.049712885517821125
